"LastWriteTime","Length","Name","FullName"
"2/9/2026 12:20:46 AM","121738","SNES - Last Bible III (JPN) - Maps - Baruch Vill. _ Dolluch Vill. _ Tarque Vill. _ Ymir Vill. & Roy's Village (Interior).png","C:\Users\Doc\Desktop\game\assets\AssetsForMyGame\SNES - Last Bible III (JPN) - Maps - Baruch Vill. _ Dolluch Vill. _ Tarque Vill. _ Ymir Vill. & Roy's Village (Interior).png"
"2/9/2026 12:20:40 AM","19293","SNES - Last Bible III (JPN) - Maps - Baghi's House _ Huey's House & Maia's House (Interior).png","C:\Users\Doc\Desktop\game\assets\AssetsForMyGame\SNES - Last Bible III (JPN) - Maps - Baghi's House _ Huey's House & Maia's House (Interior).png"
"2/9/2026 12:20:36 AM","75427","SNES - Last Bible III (JPN) - Maps - Baghi's House _ Huey's House & Maia's House (Exterior).png","C:\Users\Doc\Desktop\game\assets\AssetsForMyGame\SNES - Last Bible III (JPN) - Maps - Baghi's House _ Huey's House & Maia's House (Exterior).png"
"2/9/2026 12:20:30 AM","61181","SNES - Last Bible III (JPN) - Maps - Zama Hill.png","C:\Users\Doc\Desktop\game\assets\AssetsForMyGame\SNES - Last Bible III (JPN) - Maps - Zama Hill.png"
"2/9/2026 12:20:26 AM","236892","SNES - Last Bible III (JPN) - Maps - Baruch Village (Exterior).png","C:\Users\Doc\Desktop\game\assets\AssetsForMyGame\SNES - Last Bible III (JPN) - Maps - Baruch Village (Exterior).png"
"2/9/2026 12:19:56 AM","9945","SNES - Last Bible III (JPN) - Miscellaneous - Fog (Baruch Village).png","C:\Users\Doc\Desktop\game\assets\AssetsForMyGame\SNES - Last Bible III (JPN) - Miscellaneous - Fog (Baruch Village).png"
"2/9/2026 12:19:34 AM","105369","SNES - Star Ocean (JPN) - Van Kingdom - Maps - Van Castle Town (Entrance) (1).png","C:\Users\Doc\Desktop\game\assets\AssetsForMyGame\SNES - Star Ocean (JPN) - Van Kingdom - Maps - Van Castle Town (Entrance) (1).png"
"2/9/2026 12:19:29 AM","109407","SNES - Star Ocean (JPN) - Van Kingdom - Maps - Ionis (Entrance).png","C:\Users\Doc\Desktop\game\assets\AssetsForMyGame\SNES - Star Ocean (JPN) - Van Kingdom - Maps - Ionis (Entrance).png"
"2/9/2026 12:19:24 AM","179857","SNES - Star Ocean (JPN) - Van Kingdom - Maps - Ecdart (Entrance).png","C:\Users\Doc\Desktop\game\assets\AssetsForMyGame\SNES - Star Ocean (JPN) - Van Kingdom - Maps - Ecdart (Entrance).png"
"2/9/2026 12:19:19 AM","563530","SNES - Star Ocean (JPN) - Van Kingdom - Maps - Van Castle Town (Exterior).png","C:\Users\Doc\Desktop\game\assets\AssetsForMyGame\SNES - Star Ocean (JPN) - Van Kingdom - Maps - Van Castle Town (Exterior).png"
"2/9/2026 12:19:12 AM","105369","SNES - Star Ocean (JPN) - Van Kingdom - Maps - Van Castle Town (Entrance).png","C:\Users\Doc\Desktop\game\assets\AssetsForMyGame\SNES - Star Ocean (JPN) - Van Kingdom - Maps - Van Castle Town (Entrance).png"
"2/9/2026 12:19:03 AM","5975","SNES - Dragon Quest 3 (JPN) - Playable Characters - King & Princess.png","C:\Users\Doc\Desktop\game\assets\AssetsForMyGame\SNES - Dragon Quest 3 (JPN) - Playable Characters - King & Princess.png"
"2/9/2026 12:18:58 AM","317520","SNES - Star Ocean (JPN) - Sylvalant Kingdom - Maps - Sylvalant Castle (Courtyard).png","C:\Users\Doc\Desktop\game\assets\AssetsForMyGame\SNES - Star Ocean (JPN) - Sylvalant Kingdom - Maps - Sylvalant Castle (Courtyard).png"
"2/9/2026 12:18:25 AM","4913","SNES - Dragon Quest 3 (JPN) - Non-Playable Characters - Merchant NPCs.png","C:\Users\Doc\Desktop\game\assets\AssetsForMyGame\SNES - Dragon Quest 3 (JPN) - Non-Playable Characters - Merchant NPCs.png"
"2/9/2026 12:18:16 AM","56038","SNES - Star Ocean (JPN) - Other Maps - Ionis & Hot (Shared Interior).png","C:\Users\Doc\Desktop\game\assets\AssetsForMyGame\SNES - Star Ocean (JPN) - Other Maps - Ionis & Hot (Shared Interior).png"
"2/9/2026 12:18:07 AM","102931","SNES - Star Ocean (JPN) - Other Maps - Van Castle Town & Astral Castle Town (Shared Interior).png","C:\Users\Doc\Desktop\game\assets\AssetsForMyGame\SNES - Star Ocean (JPN) - Other Maps - Van Castle Town & Astral Castle Town (Shared Interior).png"
"2/9/2026 12:17:59 AM","70427","SNES - Star Ocean (JPN) - Other Maps - Van Castle Town & Ionis (Shared Interior).png","C:\Users\Doc\Desktop\game\assets\AssetsForMyGame\SNES - Star Ocean (JPN) - Other Maps - Van Castle Town & Ionis (Shared Interior).png"
"2/9/2026 12:17:51 AM","86524","SNES - Star Ocean (JPN) - Other Maps - Van Castle Town & Sylvalant Castle Town (Shared Interior).png","C:\Users\Doc\Desktop\game\assets\AssetsForMyGame\SNES - Star Ocean (JPN) - Other Maps - Van Castle Town & Sylvalant Castle Town (Shared Interior).png"
"2/9/2026 12:17:37 AM","28981","SNES - Star Ocean (JPN) - Van Kingdom - Maps - Van Castle Town (Unique Interior).png","C:\Users\Doc\Desktop\game\assets\AssetsForMyGame\SNES - Star Ocean (JPN) - Van Kingdom - Maps - Van Castle Town (Unique Interior).png"
"2/9/2026 12:17:28 AM","149206","SNES - Star Ocean (JPN) - Van Kingdom - Maps - Ionis (Unique Interior).png","C:\Users\Doc\Desktop\game\assets\AssetsForMyGame\SNES - Star Ocean (JPN) - Van Kingdom - Maps - Ionis (Unique Interior).png"
"2/9/2026 12:17:18 AM","54394","SNES - Star Ocean (JPN) - Other Maps - Ionis & Astral Castle Town (Shared Interior).png","C:\Users\Doc\Desktop\game\assets\AssetsForMyGame\SNES - Star Ocean (JPN) - Other Maps - Ionis & Astral Castle Town (Shared Interior).png"
"2/9/2026 12:17:09 AM","284039","SNES - Star Ocean (JPN) - Sylvalant Kingdom - Maps - Sylvalant Castle Town (Unique Interior).png","C:\Users\Doc\Desktop\game\assets\AssetsForMyGame\SNES - Star Ocean (JPN) - Sylvalant Kingdom - Maps - Sylvalant Castle Town (Unique Interior).png"
"2/9/2026 12:16:55 AM","289200","SNES - Star Ocean (JPN) - Astral Kingdom - Maps - Astral Castle Town (Unique Interior).png","C:\Users\Doc\Desktop\game\assets\AssetsForMyGame\SNES - Star Ocean (JPN) - Astral Kingdom - Maps - Astral Castle Town (Unique Interior).png"
"2/9/2026 12:16:45 AM","775444","SNES - Star Ocean (JPN) - Astral Kingdom - Maps - Astral Castle Town (Exterior).png","C:\Users\Doc\Desktop\game\assets\AssetsForMyGame\SNES - Star Ocean (JPN) - Astral Kingdom - Maps - Astral Castle Town (Exterior).png"
"2/9/2026 12:16:27 AM","62208","SNES - Star Ocean (JPN) - Other Maps - Ecdart, Otanim & Tropp (Shared Interior).png","C:\Users\Doc\Desktop\game\assets\AssetsForMyGame\SNES - Star Ocean (JPN) - Other Maps - Ecdart, Otanim & Tropp (Shared Interior).png"
"2/9/2026 12:16:17 AM","22965","SNES - Star Ocean (JPN) - Astral Kingdom - Maps - Otanim & Tropp (Shared Interior).png","C:\Users\Doc\Desktop\game\assets\AssetsForMyGame\SNES - Star Ocean (JPN) - Astral Kingdom - Maps - Otanim & Tropp (Shared Interior).png"
"2/9/2026 12:16:08 AM","62264","SNES - Star Ocean (JPN) - Astral Kingdom - Maps - Otanim (Unique Interior).png","C:\Users\Doc\Desktop\game\assets\AssetsForMyGame\SNES - Star Ocean (JPN) - Astral Kingdom - Maps - Otanim (Unique Interior).png"
"2/9/2026 12:16:01 AM","68054","SNES - Star Ocean (JPN) - Van Kingdom - Maps - Ecdart (Unique Interior).png","C:\Users\Doc\Desktop\game\assets\AssetsForMyGame\SNES - Star Ocean (JPN) - Van Kingdom - Maps - Ecdart (Unique Interior).png"
"2/9/2026 12:15:54 AM","106439","SNES - Star Ocean (JPN) - Sylvalant Kingdom - Maps - Dulce (Unique Interior).png","C:\Users\Doc\Desktop\game\assets\AssetsForMyGame\SNES - Star Ocean (JPN) - Sylvalant Kingdom - Maps - Dulce (Unique Interior).png"
"2/9/2026 12:15:39 AM","111227","SNES - Star Ocean (JPN) - Astral Kingdom - Maps - Tropp (Unique Interior).png","C:\Users\Doc\Desktop\game\assets\AssetsForMyGame\SNES - Star Ocean (JPN) - Astral Kingdom - Maps - Tropp (Unique Interior).png"
"2/9/2026 12:15:18 AM","333484","SNES - Star Ocean (JPN) - Astral Kingdom - Maps - Parj Temple (Front Door, Interior).png","C:\Users\Doc\Desktop\game\assets\AssetsForMyGame\SNES - Star Ocean (JPN) - Astral Kingdom - Maps - Parj Temple (Front Door, Interior).png"
"2/9/2026 12:14:59 AM","19489","SNES - Dragon Quest 3 (JPN) - Non-Playable Characters - Male NPCs.png","C:\Users\Doc\Desktop\game\assets\AssetsForMyGame\SNES - Dragon Quest 3 (JPN) - Non-Playable Characters - Male NPCs.png"
"2/9/2026 12:14:45 AM","49722","SNES - Star Ocean (JPN) - Moore Kingdom - Maps - Velcant Pirates' Cave (Exterior).png","C:\Users\Doc\Desktop\game\assets\AssetsForMyGame\SNES - Star Ocean (JPN) - Moore Kingdom - Maps - Velcant Pirates' Cave (Exterior).png"
"2/9/2026 12:14:30 AM","14500","SNES - Dragon Quest 3 (JPN) - Non-Playable Characters - Female NPCs.png","C:\Users\Doc\Desktop\game\assets\AssetsForMyGame\SNES - Dragon Quest 3 (JPN) - Non-Playable Characters - Female NPCs.png"
"2/9/2026 12:14:07 AM","55536","SNES - Star Ocean (JPN) - Non-Playable Characters - NPCs 1.png","C:\Users\Doc\Desktop\game\assets\AssetsForMyGame\SNES - Star Ocean (JPN) - Non-Playable Characters - NPCs 1.png"
"2/9/2026 12:13:04 AM","15328","SNES - Star Ocean (JPN) - Non-Playable Characters - Antagonists.png","C:\Users\Doc\Desktop\game\assets\AssetsForMyGame\SNES - Star Ocean (JPN) - Non-Playable Characters - Antagonists.png"
"2/9/2026 12:12:47 AM","43971","SNES - Star Ocean (JPN) - Non-Playable Characters - NPCs 2.png","C:\Users\Doc\Desktop\game\assets\AssetsForMyGame\SNES - Star Ocean (JPN) - Non-Playable Characters - NPCs 2.png"
"2/9/2026 12:12:31 AM","64225","SNES - Star Ocean (JPN) - Playable Characters - Protagonists 1.png","C:\Users\Doc\Desktop\game\assets\AssetsForMyGame\SNES - Star Ocean (JPN) - Playable Characters - Protagonists 1.png"
"2/9/2026 12:11:44 AM","104038","SNES - Nekketsu Tairiku_ Burning Heroes (JPN) - Maps - Fire City & Fire Castle (Exterior).png","C:\Users\Doc\Desktop\game\assets\AssetsForMyGame\SNES - Nekketsu Tairiku_ Burning Heroes (JPN) - Maps - Fire City & Fire Castle (Exterior).png"
"2/9/2026 12:11:34 AM","67367","SNES - Nekketsu Tairiku_ Burning Heroes (JPN) - Maps - Fire Castle (Interior).png","C:\Users\Doc\Desktop\game\assets\AssetsForMyGame\SNES - Nekketsu Tairiku_ Burning Heroes (JPN) - Maps - Fire Castle (Interior).png"
"2/9/2026 12:11:25 AM","104106","SNES - Nekketsu Tairiku_ Burning Heroes (JPN) - Maps - Fire City (Interior).png","C:\Users\Doc\Desktop\game\assets\AssetsForMyGame\SNES - Nekketsu Tairiku_ Burning Heroes (JPN) - Maps - Fire City (Interior).png"
"2/9/2026 12:11:04 AM","30688","SNES - Magna Braban_ Henreki no Yuusha (JPN) - Maps - Blessing Gate.png","C:\Users\Doc\Desktop\game\assets\AssetsForMyGame\SNES - Magna Braban_ Henreki no Yuusha (JPN) - Maps - Blessing Gate.png"
"2/9/2026 12:10:44 AM","68457","SNES - Magna Braban_ Henreki no Yuusha (JPN) - Maps - Coliseum (Ruined).png","C:\Users\Doc\Desktop\game\assets\AssetsForMyGame\SNES - Magna Braban_ Henreki no Yuusha (JPN) - Maps - Coliseum (Ruined).png"
"2/9/2026 12:10:32 AM","161514","SNES - Magna Braban_ Henreki no Yuusha (JPN) - Maps - Lost Forest.png","C:\Users\Doc\Desktop\game\assets\AssetsForMyGame\SNES - Magna Braban_ Henreki no Yuusha (JPN) - Maps - Lost Forest.png"
"2/9/2026 12:10:22 AM","187251","SNES - Magna Braban_ Henreki no Yuusha (JPN) - Maps - Relics Graveyard.png","C:\Users\Doc\Desktop\game\assets\AssetsForMyGame\SNES - Magna Braban_ Henreki no Yuusha (JPN) - Maps - Relics Graveyard.png"
"2/9/2026 12:10:14 AM","111373","SNES - Magna Braban_ Henreki no Yuusha (JPN) - Maps - Salanan Temple Ruins.png","C:\Users\Doc\Desktop\game\assets\AssetsForMyGame\SNES - Magna Braban_ Henreki no Yuusha (JPN) - Maps - Salanan Temple Ruins.png"
"2/9/2026 12:10:03 AM","5038","SNES - Magna Braban_ Henreki no Yuusha (JPN) - Maps - Magician's Guild (Tower).png","C:\Users\Doc\Desktop\game\assets\AssetsForMyGame\SNES - Magna Braban_ Henreki no Yuusha (JPN) - Maps - Magician's Guild (Tower).png"
"2/9/2026 12:09:50 AM","34761","SNES - Magna Braban_ Henreki no Yuusha (JPN) - Maps - Magician's Guild (Entrance).png","C:\Users\Doc\Desktop\game\assets\AssetsForMyGame\SNES - Magna Braban_ Henreki no Yuusha (JPN) - Maps - Magician's Guild (Entrance).png"
"2/9/2026 12:09:35 AM","10424","SNES - Magna Braban_ Henreki no Yuusha (JPN) - Miscellaneous - Magician's Guild (Tower Panorama).png","C:\Users\Doc\Desktop\game\assets\AssetsForMyGame\SNES - Magna Braban_ Henreki no Yuusha (JPN) - Miscellaneous - Magician's Guild (Tower Panorama).png"
"2/9/2026 12:09:20 AM","28467","SNES - Magna Braban_ Henreki no Yuusha (JPN) - Maps - Salanan Castle (Entrance).png","C:\Users\Doc\Desktop\game\assets\AssetsForMyGame\SNES - Magna Braban_ Henreki no Yuusha (JPN) - Maps - Salanan Castle (Entrance).png"
"2/9/2026 12:09:08 AM","22951","SNES - Magna Braban_ Henreki no Yuusha (JPN) - Maps - Anatea Castle (Entrance).png","C:\Users\Doc\Desktop\game\assets\AssetsForMyGame\SNES - Magna Braban_ Henreki no Yuusha (JPN) - Maps - Anatea Castle (Entrance).png"
"2/9/2026 12:08:59 AM","82747","SNES - Magna Braban_ Henreki no Yuusha (JPN) - Maps - Anatea Castle (Courtyard).png","C:\Users\Doc\Desktop\game\assets\AssetsForMyGame\SNES - Magna Braban_ Henreki no Yuusha (JPN) - Maps - Anatea Castle (Courtyard).png"
"2/9/2026 12:08:11 AM","90855","SNES - Solid Runner (JPN) - Tilesets - Area 01 - Shuu's House (Balcony) Tileset.png","C:\Users\Doc\Desktop\game\assets\AssetsForMyGame\SNES - Solid Runner (JPN) - Tilesets - Area 01 - Shuu's House (Balcony) Tileset.png"
"2/9/2026 12:07:47 AM","10807","SNES - Solid Runner (JPN) - Maps - Area 06 - Natural Park (Interior).png","C:\Users\Doc\Desktop\game\assets\AssetsForMyGame\SNES - Solid Runner (JPN) - Maps - Area 06 - Natural Park (Interior).png"
"2/9/2026 12:07:26 AM","150917","SNES - Solid Runner (JPN) - Maps - Area 02 - Sister Reitel's Church.png","C:\Users\Doc\Desktop\game\assets\AssetsForMyGame\SNES - Solid Runner (JPN) - Maps - Area 02 - Sister Reitel's Church.png"
"2/9/2026 12:07:15 AM","145799","SNES - Solid Runner (JPN) - Maps - Area 11 - Tao's House.png","C:\Users\Doc\Desktop\game\assets\AssetsForMyGame\SNES - Solid Runner (JPN) - Maps - Area 11 - Tao's House.png"
"2/9/2026 12:06:58 AM","343572","SNES - Solid Runner (JPN) - Maps - Area 06 - Natural Park (Exterior).png","C:\Users\Doc\Desktop\game\assets\AssetsForMyGame\SNES - Solid Runner (JPN) - Maps - Area 06 - Natural Park (Exterior).png"
"2/9/2026 12:06:43 AM","20404","SNES - Solid Runner (JPN) - Maps - Area 07 - EL'S Cafe.png","C:\Users\Doc\Desktop\game\assets\AssetsForMyGame\SNES - Solid Runner (JPN) - Maps - Area 07 - EL'S Cafe.png"
"2/9/2026 12:06:14 AM","21267","SNES - Neugier_ Umi to Kaze no Kodou (JPN) - Tilesets - Ship (Exterior & Interior) Tileset.png","C:\Users\Doc\Desktop\game\assets\AssetsForMyGame\SNES - Neugier_ Umi to Kaze no Kodou (JPN) - Tilesets - Ship (Exterior & Interior) Tileset.png"
"2/9/2026 12:05:55 AM","17229","SNES - Aretha (JPN) - Maps - Sarah's House (Interior).png","C:\Users\Doc\Desktop\game\assets\AssetsForMyGame\SNES - Aretha (JPN) - Maps - Sarah's House (Interior).png"
"2/9/2026 12:05:35 AM","165436","SNES - Chou Mahou Tairiku Wozz (JPN) - Maps - Ghield Village (Exterior).png","C:\Users\Doc\Desktop\game\assets\AssetsForMyGame\SNES - Chou Mahou Tairiku Wozz (JPN) - Maps - Ghield Village (Exterior).png"
"2/9/2026 12:05:01 AM","41283","SNES - Dark Law - Meaning of Death (JPN) - Maps - Temple.png","C:\Users\Doc\Desktop\game\assets\AssetsForMyGame\SNES - Dark Law - Meaning of Death (JPN) - Maps - Temple.png"
"2/9/2026 12:00:38 AM","107346","3DS - Pictologica Final Fantasy - Enemies & Bosses - Final Fantasy I Monsters.png","C:\Users\Doc\Desktop\game\assets\AssetsForMyGame\3DS - Pictologica Final Fantasy - Enemies & Bosses - Final Fantasy I Monsters.png"
"2/9/2026 12:00:21 AM","210247","3DS - Pictologica Final Fantasy - Enemies & Bosses - Final Fantasy X Monsters.png","C:\Users\Doc\Desktop\game\assets\AssetsForMyGame\3DS - Pictologica Final Fantasy - Enemies & Bosses - Final Fantasy X Monsters.png"
"2/8/2026 11:59:56 PM","448806","3DS - Pictologica Final Fantasy - Enemies & Bosses - Final Fantasy IV Monsters.png","C:\Users\Doc\Desktop\game\assets\AssetsForMyGame\3DS - Pictologica Final Fantasy - Enemies & Bosses - Final Fantasy IV Monsters.png"
"2/8/2026 11:59:26 PM","77399","3DS - Pictologica Final Fantasy - Enemies & Bosses - Final Fantasy XI Monsters.png","C:\Users\Doc\Desktop\game\assets\AssetsForMyGame\3DS - Pictologica Final Fantasy - Enemies & Bosses - Final Fantasy XI Monsters.png"
